"filename", "language", "Markdown", "Batch", "JavaScript", "HTML", "Dotenv", "JSON with Comments", "JSON", "vue", "YAML", "PostCSS", "comment", "blank", "total"
"e:\桌面\smart_city_wuhan-wind\.env", "Dotenv", 0, 0, 0, 0, 1, 0, 0, 0, 0, 0, 0, 0, 1
"e:\桌面\smart_city_wuhan-wind\README.md", "Markdown", 21, 0, 0, 0, 0, 0, 0, 0, 0, 0, 0, 11, 32
"e:\桌面\smart_city_wuhan-wind\index.html", "HTML", 0, 0, 0, 15, 0, 0, 0, 0, 0, 0, 2, 2, 19
"e:\桌面\smart_city_wuhan-wind\jsconfig.json", "JSON with Comments", 0, 0, 0, 0, 0, 8, 0, 0, 0, 0, 0, 1, 9
"e:\桌面\smart_city_wuhan-wind\mock\WUHAN_hospital.geojson", "JSON", 0, 0, 0, 0, 0, 0, 538, 0, 0, 0, 0, 0, 538
"e:\桌面\smart_city_wuhan-wind\mock\Wuhan_Buildings.json", "JSON", 0, 0, 0, 0, 0, 0, 206274, 0, 0, 0, 0, 0, 206274
"e:\桌面\smart_city_wuhan-wind\mock\Wuhan_bridges.json", "JSON", 0, 0, 0, 0, 0, 0, 124, 0, 0, 0, 0, 0, 124
"e:\桌面\smart_city_wuhan-wind\mock\Wuhan_events.json", "JSON", 0, 0, 0, 0, 0, 0, 577, 0, 0, 0, 0, 1, 578
"e:\桌面\smart_city_wuhan-wind\mock\Wuhan_roads.json", "JSON", 0, 0, 0, 0, 0, 0, 31059, 0, 0, 0, 0, 0, 31059
"e:\桌面\smart_city_wuhan-wind\mock\hospital.json", "JSON", 0, 0, 0, 0, 0, 0, 3391, 0, 0, 0, 0, 0, 3391
"e:\桌面\smart_city_wuhan-wind\mock\index.js", "JavaScript", 0, 0, 23, 0, 0, 0, 0, 0, 0, 0, 7, 12, 42
"e:\桌面\smart_city_wuhan-wind\mock\people_heatmap.json", "JSON", 0, 0, 0, 0, 0, 0, 10450, 0, 0, 0, 0, 1, 10451
"e:\桌面\smart_city_wuhan-wind\mock\power_grid.json", "JSON", 0, 0, 0, 0, 0, 0, 2595211, 0, 0, 0, 0, 0, 2595211
"e:\桌面\smart_city_wuhan-wind\mock\underground_pipes.json", "JSON", 0, 0, 0, 0, 0, 0, 80958, 0, 0, 0, 0, 0, 80958
"e:\桌面\smart_city_wuhan-wind\mock\university (2).geojson", "JSON", 0, 0, 0, 0, 0, 0, 12610, 0, 0, 0, 0, 0, 12610
"e:\桌面\smart_city_wuhan-wind\mock\university.json", "JSON", 0, 0, 0, 0, 0, 0, 12581, 0, 0, 0, 0, 1, 12582
"e:\桌面\smart_city_wuhan-wind\mock\大学（1）.geojson", "JSON", 0, 0, 0, 0, 0, 0, 7058, 0, 0, 0, 0, 0, 7058
"e:\桌面\smart_city_wuhan-wind\package-lock.json", "JSON", 0, 0, 0, 0, 0, 0, 8533, 0, 0, 0, 0, 1, 8534
"e:\桌面\smart_city_wuhan-wind\package.json", "JSON", 0, 0, 0, 0, 0, 0, 39, 0, 0, 0, 0, 1, 40
"e:\桌面\smart_city_wuhan-wind\pnpm-lock.yaml", "YAML", 0, 0, 0, 0, 0, 0, 0, 0, 4842, 0, 0, 1436, 6278
"e:\桌面\smart_city_wuhan-wind\public\data\WUHAN_hospital.geojson", "JSON", 0, 0, 0, 0, 0, 0, 538, 0, 0, 0, 0, 0, 538
"e:\桌面\smart_city_wuhan-wind\public\data\Wuhan_Buildings.json", "JSON", 0, 0, 0, 0, 0, 0, 206274, 0, 0, 0, 0, 0, 206274
"e:\桌面\smart_city_wuhan-wind\public\data\Wuhan_bridges.json", "JSON", 0, 0, 0, 0, 0, 0, 124, 0, 0, 0, 0, 0, 124
"e:\桌面\smart_city_wuhan-wind\public\data\Wuhan_events.json", "JSON", 0, 0, 0, 0, 0, 0, 577, 0, 0, 0, 0, 1, 578
"e:\桌面\smart_city_wuhan-wind\public\data\Wuhan_roads.json", "JSON", 0, 0, 0, 0, 0, 0, 31059, 0, 0, 0, 0, 0, 31059
"e:\桌面\smart_city_wuhan-wind\public\data\hospital.json", "JSON", 0, 0, 0, 0, 0, 0, 3391, 0, 0, 0, 0, 0, 3391
"e:\桌面\smart_city_wuhan-wind\public\data\index.js", "JavaScript", 0, 0, 23, 0, 0, 0, 0, 0, 0, 0, 7, 12, 42
"e:\桌面\smart_city_wuhan-wind\public\data\people_heatmap.json", "JSON", 0, 0, 0, 0, 0, 0, 10450, 0, 0, 0, 0, 1, 10451
"e:\桌面\smart_city_wuhan-wind\public\data\power_grid.json", "JSON", 0, 0, 0, 0, 0, 0, 2595211, 0, 0, 0, 0, 0, 2595211
"e:\桌面\smart_city_wuhan-wind\public\data\underground_pipes.json", "JSON", 0, 0, 0, 0, 0, 0, 80958, 0, 0, 0, 0, 0, 80958
"e:\桌面\smart_city_wuhan-wind\public\data\university (2).geojson", "JSON", 0, 0, 0, 0, 0, 0, 12610, 0, 0, 0, 0, 0, 12610
"e:\桌面\smart_city_wuhan-wind\public\data\university.json", "JSON", 0, 0, 0, 0, 0, 0, 12581, 0, 0, 0, 0, 1, 12582
"e:\桌面\smart_city_wuhan-wind\public\data\wuhan_districts.json", "JSON", 0, 0, 0, 0, 0, 0, 13870, 0, 0, 0, 0, 0, 13870
"e:\桌面\smart_city_wuhan-wind\public\data\大学（1）.geojson", "JSON", 0, 0, 0, 0, 0, 0, 7058, 0, 0, 0, 0, 0, 7058
"e:\桌面\smart_city_wuhan-wind\src\App.vue", "vue", 0, 0, 0, 0, 0, 0, 0, 34, 0, 0, 1, 7, 42
"e:\桌面\smart_city_wuhan-wind\src\api\request.js", "JavaScript", 0, 0, 18, 0, 0, 0, 0, 0, 0, 0, 5, 3, 26
"e:\桌面\smart_city_wuhan-wind\src\api\smart_city.js", "JavaScript", 0, 0, 55, 0, 0, 0, 0, 0, 0, 0, 7, 8, 70
"e:\桌面\smart_city_wuhan-wind\src\assets\styles\reset.css", "PostCSS", 0, 0, 0, 0, 0, 0, 0, 0, 0, 17, 0, 1, 18
"e:\桌面\smart_city_wuhan-wind\src\components\Footer\DisplayCard.vue", "vue", 0, 0, 0, 0, 0, 0, 0, 128, 0, 0, 0, 23, 151
"e:\桌面\smart_city_wuhan-wind\src\components\Footer\DistrictNavigation.vue", "vue", 0, 0, 0, 0, 0, 0, 0, 181, 0, 0, 0, 28, 209
"e:\桌面\smart_city_wuhan-wind\src\components\Footer\DrawTools.vue", "vue", 0, 0, 0, 0, 0, 0, 0, 143, 0, 0, 0, 22, 165
"e:\桌面\smart_city_wuhan-wind\src\components\Footer\HeatmapControl.vue", "vue", 0, 0, 0, 0, 0, 0, 0, 203, 0, 0, 8, 30, 241
"e:\桌面\smart_city_wuhan-wind\src\components\Footer\LayerSwitcher.vue", "vue", 0, 0, 0, 0, 0, 0, 0, 450, 0, 0, 0, 62, 512
"e:\桌面\smart_city_wuhan-wind\src\components\Footer\Legend.vue", "vue", 0, 0, 0, 0, 0, 0, 0, 0, 0, 0, 60, 0, 60
"e:\桌面\smart_city_wuhan-wind\src\components\Footer\MeasureTools.vue", "vue", 0, 0, 0, 0, 0, 0, 0, 121, 0, 0, 0, 8, 129
"e:\桌面\smart_city_wuhan-wind\src\components\Footer\ObjModels.vue", "vue", 0, 0, 0, 0, 0, 0, 0, 515, 0, 0, 12, 79, 606
"e:\桌面\smart_city_wuhan-wind\src\components\Footer\SmartCityExplorer.vue", "vue", 0, 0, 0, 0, 0, 0, 0, 470, 0, 0, 1, 45, 516
"e:\桌面\smart_city_wuhan-wind\src\components\Footer\hooks\use3DTiles.js", "JavaScript", 0, 0, 110, 0, 0, 0, 0, 0, 0, 0, 37, 32, 179
"e:\桌面\smart_city_wuhan-wind\src\components\Footer\hooks\useDistrictNavigation.js", "JavaScript", 0, 0, 130, 0, 0, 0, 0, 0, 0, 0, 16, 21, 167
"e:\桌面\smart_city_wuhan-wind\src\components\Footer\hooks\useFly.js", "JavaScript", 0, 0, 38, 0, 0, 0, 0, 0, 0, 0, 7, 8, 53
"e:\桌面\smart_city_wuhan-wind\src\components\Footer\hooks\useObjModels.js", "JavaScript", 0, 0, 147, 0, 0, 0, 0, 0, 0, 0, 11, 27, 185
"e:\桌面\smart_city_wuhan-wind\src\components\Footer\hooks\useRotation.js", "JavaScript", 0, 0, 34, 0, 0, 0, 0, 0, 0, 0, 2, 7, 43
"e:\桌面\smart_city_wuhan-wind\src\components\Footer\hooks\useSmartCityExplorer.js", "JavaScript", 0, 0, 315, 0, 0, 0, 0, 0, 0, 0, 30, 69, 414
"e:\桌面\smart_city_wuhan-wind\src\components\Footer\hooks\wuhan_districts.json", "JSON", 0, 0, 0, 0, 0, 0, 13870, 0, 0, 0, 0, 0, 13870
"e:\桌面\smart_city_wuhan-wind\src\components\Footer\index.vue", "vue", 0, 0, 0, 0, 0, 0, 0, 159, 0, 0, 0, 18, 177
"e:\桌面\smart_city_wuhan-wind\src\components\G2Charts\hooks\useLeftBottom.js", "JavaScript", 0, 0, 106, 0, 0, 0, 0, 0, 0, 0, 22, 19, 147
"e:\桌面\smart_city_wuhan-wind\src\components\G2Charts\hooks\useLeftTop.js", "JavaScript", 0, 0, 48, 0, 0, 0, 0, 0, 0, 0, 3, 7, 58
"e:\桌面\smart_city_wuhan-wind\src\components\G2Charts\hooks\useRightTop.js", "JavaScript", 0, 0, 41, 0, 0, 0, 0, 0, 0, 0, 0, 1, 42
"e:\桌面\smart_city_wuhan-wind\src\components\G2Charts\hooks\usetools.js", "JavaScript", 0, 0, 1083, 0, 0, 0, 0, 0, 0, 0, 28, 61, 1172
"e:\桌面\smart_city_wuhan-wind\src\components\G2Charts\hooks\useweather.js", "JavaScript", 0, 0, 120, 0, 0, 0, 0, 0, 0, 0, 20, 19, 159
"e:\桌面\smart_city_wuhan-wind\src\components\G2Charts\index.vue", "vue", 0, 0, 0, 0, 0, 0, 0, 393, 0, 0, 4, 54, 451
"e:\桌面\smart_city_wuhan-wind\src\components\Header.vue", "vue", 0, 0, 0, 0, 0, 0, 0, 51, 0, 0, 0, 6, 57
"e:\桌面\smart_city_wuhan-wind\src\components\MapControls.vue", "vue", 0, 0, 0, 0, 0, 0, 0, 640, 0, 0, 3, 106, 749
"e:\桌面\smart_city_wuhan-wind\src\components\SmartCity\hooks\useBridges.js", "JavaScript", 0, 0, 22, 0, 0, 0, 0, 0, 0, 0, 2, 4, 28
"e:\桌面\smart_city_wuhan-wind\src\components\SmartCity\hooks\useBuildings.js", "JavaScript", 0, 0, 31, 0, 0, 0, 0, 0, 0, 0, 2, 7, 40
"e:\桌面\smart_city_wuhan-wind\src\components\SmartCity\hooks\useHospital.js", "JavaScript", 0, 0, 65, 0, 0, 0, 0, 0, 0, 0, 7, 7, 79
"e:\桌面\smart_city_wuhan-wind\src\components\SmartCity\hooks\usePeopleheat.js", "JavaScript", 0, 0, 76, 0, 0, 0, 0, 0, 0, 0, 7, 9, 92
"e:\桌面\smart_city_wuhan-wind\src\components\SmartCity\hooks\usePowerGrid.js", "JavaScript", 0, 0, 22, 0, 0, 0, 0, 0, 0, 0, 1, 4, 27
"e:\桌面\smart_city_wuhan-wind\src\components\SmartCity\hooks\useRoads.js", "JavaScript", 0, 0, 22, 0, 0, 0, 0, 0, 0, 0, 1, 5, 28
"e:\桌面\smart_city_wuhan-wind\src\components\SmartCity\hooks\useUndergroundPipes.js", "JavaScript", 0, 0, 22, 0, 0, 0, 0, 0, 0, 0, 1, 4, 27
"e:\桌面\smart_city_wuhan-wind\src\components\SmartCity\hooks\useUniversity.js", "JavaScript", 0, 0, 300, 0, 0, 0, 0, 0, 0, 0, 18, 40, 358
"e:\桌面\smart_city_wuhan-wind\src\components\SmartCity\index.vue", "vue", 0, 0, 0, 0, 0, 0, 0, 85, 0, 0, 0, 13, 98
"e:\桌面\smart_city_wuhan-wind\src\components\Welcome.vue", "vue", 0, 0, 0, 0, 0, 0, 0, 711, 0, 0, 11, 88, 810
"e:\桌面\smart_city_wuhan-wind\src\components\camera.vue", "vue", 0, 0, 0, 0, 0, 0, 0, 880, 0, 0, 13, 109, 1002
"e:\桌面\smart_city_wuhan-wind\src\main.js", "JavaScript", 0, 0, 7, 0, 0, 0, 0, 0, 0, 0, 3, 5, 15
"e:\桌面\smart_city_wuhan-wind\src\mockProdServer.js", "JavaScript", 0, 0, 7, 0, 0, 0, 0, 0, 0, 0, 1, 1, 9
"e:\桌面\smart_city_wuhan-wind\src\plugins\mapbox.js", "JavaScript", 0, 0, 31, 0, 0, 0, 0, 0, 0, 0, 8, 8, 47
"e:\桌面\smart_city_wuhan-wind\vite.config.js", "JavaScript", 0, 0, 28, 0, 0, 0, 0, 0, 0, 0, 4, 1, 33
"e:\桌面\smart_city_wuhan-wind\运行系统.bat", "Batch", 0, 5, 0, 0, 0, 0, 0, 0, 0, 0, 2, 4, 11
"Total", "-", 21, 5, 2924, 15, 1, 8, 5957974, 5164, 4842, 17, 374, 2562, 5973907